fips,size_bucket,county_train_pool_size,county_test_size,requested_train_size,actual_train_size,seed,model,n_features,fit_time,pred_time,r2,mae,rmse,mape,mse,status,experiment_name,experiment_description
48235,tiny,24,25,5,5,42,tabpfn,107,24.52186918258667,3.299419641494751,-0.4283355582396462,58965.06028575575,68545.8170580223,33.35922260326407,4698529036.151859,success,per_county_scaling_tiny_small,Per-county learning curves for tiny and small counties
48235,tiny,24,25,5,5,42,xgboost,107,166.84586763381958,0.0069048404693603516,-0.16476857941991296,55432.96712325573,61899.28847089197,34.47054969516455,3831521913.202699,success,per_county_scaling_tiny_small,Per-county learning curves for tiny and small counties
48235,tiny,24,25,10,10,42,tabpfn,107,0.36493992805480957,0.21306324005126953,-0.31416229585964306,70304.56943503184,92165.72078883697,88.96417229753531,8494520088.525857,success,per_county_scaling_tiny_small,Per-county learning curves for tiny and small counties
48235,tiny,24,25,10,10,42,xgboost,107,103.09121680259705,0.007479190826416016,-0.19514100049011152,76192.26033503184,87893.04188823173,84.0312724180912,7725186812.366459,success,per_county_scaling_tiny_small,Per-county learning curves for tiny and small counties
48235,tiny,24,25,20,20,42,tabpfn,107,0.3666219711303711,0.20881128311157227,-0.1119544876472871,72297.95325212179,98650.67405690784,104.49214459453336,9731955491.88227,success,per_county_scaling_tiny_small,Per-county learning curves for tiny and small counties
48235,tiny,24,25,20,20,42,xgboost,107,7.205973386764526,0.0065288543701171875,-0.26041170192372354,78258.26883024679,105029.85462706695,141.02851414344164,11031270362.982817,success,per_county_scaling_tiny_small,Per-county learning curves for tiny and small counties
