fips,size_bucket,county_train_pool_size,county_test_size,requested_train_size,actual_train_size,seed,model,n_features,fit_time,pred_time,r2,mae,rmse,mape,mse,status,experiment_name,experiment_description
29017,tiny,13,14,5,5,42,tabpfn,107,77.18753266334534,10.71330738067627,0.2350227288871789,60876.17611424194,80028.77084931612,39.1601297756396,6404604163.652349,success,per_county_scaling_tiny_small,Per-county learning curves for tiny and small counties
29017,tiny,13,14,5,5,42,xgboost,107,9.07850432395935,0.006379604339599609,-0.44338429489821496,86560.38091334909,109929.14967382418,66.96786986570136,12084417948.01004,success,per_county_scaling_tiny_small,Per-county learning curves for tiny and small counties
29017,tiny,13,14,10,10,42,tabpfn,107,0.5201072692871094,0.21790146827697754,0.5908992916361895,44341.628915797664,58339.99109666729,25.70072068041399,3403554561.159219,success,per_county_scaling_tiny_small,Per-county learning curves for tiny and small counties
29017,tiny,13,14,10,10,42,xgboost,107,8.9343421459198,0.006349086761474609,-0.3175093323209779,78861.64356423517,104695.51868455087,55.02872648717949,10961151632.627142,success,per_county_scaling_tiny_small,Per-county learning curves for tiny and small counties
