fips,size_bucket,county_train_pool_size,county_test_size,requested_train_size,actual_train_size,seed,model,n_features,fit_time,pred_time,r2,mae,rmse,mape,mse,status,experiment_name,experiment_description
48433,tiny,14,15,5,5,42,tabpfn,107,21.80656862258911,3.1506407260894775,-1.2021552855622057,55914.79309564466,67949.26881069345,57.027177455294634,4617103131.907877,success,per_county_scaling_tiny_small,Per-county learning curves for tiny and small counties
48433,tiny,14,15,5,5,42,xgboost,107,61.07524347305298,0.0070035457611083984,-1.0160718854531927,54125.86926751967,65015.03854313409,54.62213632494682,4226955236.7652116,success,per_county_scaling_tiny_small,Per-county learning curves for tiny and small counties
48433,tiny,14,15,10,10,42,tabpfn,107,0.30444765090942383,0.2244882583618164,-0.4218040145407298,45735.94554407208,53667.28319019031,49.76966024772175,2880177285.0160837,success,per_county_scaling_tiny_small,Per-county learning curves for tiny and small counties
48433,tiny,14,15,10,10,42,xgboost,107,65.70675277709961,0.006500959396362305,-0.33482809663688684,43884.067419072075,51999.88846779788,43.72599262701876,2703988400.663419,success,per_county_scaling_tiny_small,Per-county learning curves for tiny and small counties
