fips,size_bucket,county_train_pool_size,county_test_size,requested_train_size,actual_train_size,seed,model,n_features,fit_time,pred_time,r2,mae,rmse,mape,mse,status,experiment_name,experiment_description
28061,tiny,33,36,5,5,42,tabpfn,107,76.40142250061035,12.007184028625488,-1.6014674051915763,35378.84314239989,40214.61775906517,57.02342312453914,1617215481.5077198,success,per_county_scaling_tiny_small,Per-county learning curves for tiny and small counties
28061,tiny,33,36,5,5,42,xgboost,107,11.85184907913208,0.0064814090728759766,-1.1096300201053664,32730.795724865166,36214.116893806015,55.99339735118696,1311462262.3982463,success,per_county_scaling_tiny_small,Per-county learning curves for tiny and small counties
28061,tiny,33,36,10,10,42,tabpfn,107,0.4607410430908203,0.22350192070007324,-1.0732190233594703,50912.08236733094,61694.86589253022,86.04958548991176,3806256477.497289,success,per_county_scaling_tiny_small,Per-county learning curves for tiny and small counties
28061,tiny,33,36,10,10,42,xgboost,107,11.430644035339355,0.006627798080444336,-0.7268337312875033,48709.85499102887,56305.61334282192,103.47597213309896,3170322093.9113655,success,per_county_scaling_tiny_small,Per-county learning curves for tiny and small counties
28061,tiny,33,36,20,20,42,tabpfn,107,0.5023548603057861,0.2120957374572754,-0.37695223062312877,62755.470188316925,85258.04198897247,89.98556048936835,7268933723.793392,success,per_county_scaling_tiny_small,Per-county learning curves for tiny and small counties
28061,tiny,33,36,20,20,42,xgboost,107,6.399537801742554,0.006314754486083984,-0.48943900519017824,63325.62632980998,88672.15822063433,79.42768709011196,7862751643.505208,success,per_county_scaling_tiny_small,Per-county learning curves for tiny and small counties
28061,tiny,33,36,30,30,42,tabpfn,107,0.48983287811279297,0.21338844299316406,0.06873468716057896,54965.75985175713,69935.87689583367,116.85874374717689,4891026877.189201,success,per_county_scaling_tiny_small,Per-county learning curves for tiny and small counties
28061,tiny,33,36,30,30,42,xgboost,107,9.76042914390564,0.006304502487182617,-0.2504745814319522,61492.411327451584,81040.24500003636,95.54451645395193,6567521309.665917,success,per_county_scaling_tiny_small,Per-county learning curves for tiny and small counties
