fips,size_bucket,county_train_pool_size,county_test_size,requested_train_size,actual_train_size,seed,model,n_features,fit_time,pred_time,r2,mae,rmse,mape,mse,status,experiment_name,experiment_description
48155,tiny,12,12,5,5,42,tabpfn,107,19.89690899848938,3.2514259815216064,-0.2038254808298119,23482.8743131262,28234.26816136784,39.20794893282867,797173898.6080297,success,per_county_scaling_tiny_small,Per-county learning curves for tiny and small counties
48155,tiny,12,12,5,5,42,xgboost,107,69.39804148674011,0.006875514984130859,-0.2852952053862656,24904.176559219948,29174.01575421793,44.55752389346237,851123195.227356,success,per_county_scaling_tiny_small,Per-county learning curves for tiny and small counties
48155,tiny,12,12,10,10,42,tabpfn,107,0.2733893394470215,0.21901774406433105,-0.19264324601528648,25021.65154186363,29161.029974396573,51.15386680563962,850365669.1676555,success,per_county_scaling_tiny_small,Per-county learning curves for tiny and small counties
48155,tiny,12,12,10,10,42,xgboost,107,46.681743144989014,0.006730794906616211,-0.06819186283516143,22022.570161655298,27597.65717396756,42.7378622863543,761630681.4918431,success,per_county_scaling_tiny_small,Per-county learning curves for tiny and small counties
