fips,size_bucket,county_train_pool_size,county_test_size,requested_train_size,actual_train_size,seed,model,n_features,fit_time,pred_time,r2,mae,rmse,mape,mse,status,experiment_name,experiment_description
48263,tiny,10,10,5,5,42,tabpfn,107,19.384252548217773,3.1610896587371826,-0.2291317921129452,81543.55628579401,91717.09807886122,49.98504595981474,8412026080.007449,success,per_county_scaling_tiny_small,Per-county learning curves for tiny and small counties
48263,tiny,10,10,5,5,42,xgboost,107,64.74496912956238,0.007966279983520508,-0.3036496335900205,82889.65003579404,94456.428990353,51.4345546800023,8922016977.609598,success,per_county_scaling_tiny_small,Per-county learning curves for tiny and small counties
48263,tiny,10,10,10,10,42,tabpfn,107,0.28863000869750977,0.20946502685546875,0.11008373351442491,78569.70323940243,85465.08924149093,76.35794284228294,7304281479.05601,success,per_county_scaling_tiny_small,Per-county learning curves for tiny and small counties
48263,tiny,10,10,10,10,42,xgboost,107,69.54363870620728,0.0065975189208984375,-0.4976604984196453,97190.31339565243,110871.74054763181,73.88392589760858,12292542852.061382,success,per_county_scaling_tiny_small,Per-county learning curves for tiny and small counties
