fips,size_bucket,county_train_pool_size,county_test_size,requested_train_size,actual_train_size,seed,model,n_features,fit_time,pred_time,r2,mae,rmse,mape,mse,status,experiment_name,experiment_description
28065,tiny,11,12,5,5,42,tabpfn,107,76.81198191642761,10.077549695968628,0.09410818641786922,28804.877751245338,41560.985325201815,60.411898009420185,1727315501.2016404,success,per_county_scaling_tiny_small,Per-county learning curves for tiny and small counties
28065,tiny,11,12,5,5,42,xgboost,107,9.112603902816772,0.006646871566772461,-0.12507544361889478,29587.276351505756,46316.794023439856,56.16361820515873,2145245408.6097538,success,per_county_scaling_tiny_small,Per-county learning curves for tiny and small counties
28065,tiny,11,12,10,10,42,tabpfn,107,0.5464475154876709,0.23421692848205566,0.44289350692257246,28020.632831185085,33816.27811672158,69.18630160555571,1143540665.6674626,success,per_county_scaling_tiny_small,Per-county learning curves for tiny and small counties
28065,tiny,11,12,10,10,42,xgboost,107,9.534972906112671,0.0065860748291015625,0.7727203842683374,16993.87265865904,21599.163886948103,39.07809829565178,466523880.61524314,success,per_county_scaling_tiny_small,Per-county learning curves for tiny and small counties
