fips,size_bucket,county_train_pool_size,county_test_size,requested_train_size,actual_train_size,seed,model,n_features,fit_time,pred_time,r2,mae,rmse,mape,mse,status,experiment_name,experiment_description
35025,tiny,14,16,5,5,42,tabpfn,107,67.36054348945618,11.468509912490845,-0.13220203665971075,44689.05576874908,50145.808603584286,42.179517920374614,2514602120.507308,success,per_county_scaling_tiny_small,Per-county learning curves for tiny and small counties
35025,tiny,14,16,5,5,42,xgboost,107,21.730236768722534,0.0066220760345458984,-0.25818828740863475,43401.65196015533,52862.231445273996,34.950745076835545,2794415513.373715,success,per_county_scaling_tiny_small,Per-county learning curves for tiny and small counties
35025,tiny,14,16,10,10,42,tabpfn,107,0.3854055404663086,0.21378493309020996,-0.19346084398137808,65155.707180415026,76284.80185232853,63.157680914469005,5819370993.649026,success,per_county_scaling_tiny_small,Per-county learning curves for tiny and small counties
35025,tiny,14,16,10,10,42,xgboost,107,25.945737838745117,0.007156848907470703,-0.11099444389268087,59522.50698510252,73602.04455677241,51.45835292592022,5417260962.937111,success,per_county_scaling_tiny_small,Per-county learning curves for tiny and small counties
