fips,size_bucket,county_train_pool_size,county_test_size,requested_train_size,actual_train_size,seed,model,n_features,fit_time,pred_time,r2,mae,rmse,mape,mse,status,experiment_name,experiment_description
48109,tiny,24,24,5,5,42,tabpfn,107,23.468722820281982,4.6938276290893555,-0.2964860171888477,73636.67029478769,87945.63437755016,46.37127653466149,7734434606.069734,success,per_county_scaling_tiny_small,Per-county learning curves for tiny and small counties
48109,tiny,24,24,5,5,42,xgboost,107,56.204734325408936,0.007318258285522461,-0.49881375242882187,81794.92778176686,94559.28986263333,55.56911391698017,8941459299.32551,success,per_county_scaling_tiny_small,Per-county learning curves for tiny and small counties
48109,tiny,24,24,10,10,42,tabpfn,107,0.36303281784057617,0.21580839157104492,-0.5599992471078004,75526.68688549877,98359.81033747854,41.81859503304037,9674652289.62475,success,per_county_scaling_tiny_small,Per-county learning curves for tiny and small counties
48109,tiny,24,24,10,10,42,xgboost,107,29.94963788986206,0.006617069244384766,-0.13686071647055953,62603.98555086337,83967.09307296063,38.627723429899405,7050472719.123235,success,per_county_scaling_tiny_small,Per-county learning curves for tiny and small counties
48109,tiny,24,24,20,20,42,tabpfn,107,0.3701803684234619,0.22560334205627441,-0.32301189151479903,69569.79395862437,99970.70409960003,36.712774628654,9994141678.169785,success,per_county_scaling_tiny_small,Per-county learning curves for tiny and small counties
48109,tiny,24,24,20,20,42,xgboost,107,16.56240487098694,0.0065882205963134766,-0.1562095635352354,66392.34262398897,93456.4232303814,40.78621445256874,8734103043.016174,success,per_county_scaling_tiny_small,Per-county learning curves for tiny and small counties
