fips,size_bucket,county_train_pool_size,county_test_size,requested_train_size,actual_train_size,seed,model,n_features,fit_time,pred_time,r2,mae,rmse,mape,mse,status,experiment_name,experiment_description
31085,tiny,22,22,5,5,42,tabpfn,107,107.93349194526672,14.093680143356323,0.3660994185388041,16373.010451122298,20302.581641933248,38.92232899514499,412194821.3273649,success,per_county_scaling_tiny_small,Per-county learning curves for tiny and small counties
31085,tiny,22,22,5,5,42,xgboost,107,114.15463018417358,0.006958723068237305,-0.9070089458120754,29099.194488764344,35214.13749926715,62.90870501456459,1240035479.817293,success,per_county_scaling_tiny_small,Per-county learning curves for tiny and small counties
31085,tiny,22,22,10,10,42,tabpfn,107,0.4042356014251709,0.2135941982269287,-0.09015440602890279,32678.844764529375,39360.07315452269,65.54018045377109,1549215358.7293775,success,per_county_scaling_tiny_small,Per-county learning curves for tiny and small counties
31085,tiny,22,22,10,10,42,xgboost,107,32.183871030807495,0.006448984146118164,0.25962830933405157,29852.058853662897,32436.70954659929,70.57267828133924,1052140126.2104455,success,per_county_scaling_tiny_small,Per-county learning curves for tiny and small counties
31085,tiny,22,22,20,20,42,tabpfn,107,0.41167187690734863,0.2069258689880371,0.10128174176276428,28987.24369613563,36231.77792160609,44.08094270672814,1312741731.3605824,success,per_county_scaling_tiny_small,Per-county learning curves for tiny and small counties
31085,tiny,22,22,20,20,42,xgboost,107,8.049124956130981,0.006407022476196289,0.27103456521752955,29318.884720638463,32631.07123042772,54.74252052921624,1064786809.6452476,success,per_county_scaling_tiny_small,Per-county learning curves for tiny and small counties
