fips,size_bucket,county_train_pool_size,county_test_size,requested_train_size,actual_train_size,seed,model,n_features,fit_time,pred_time,r2,mae,rmse,mape,mse,status,experiment_name,experiment_description
29199,tiny,31,32,5,5,42,tabpfn,107,83.43838047981262,10.75624132156372,-0.16678839588170002,29920.81011652598,36955.03868730254,38.799639195846254,1365674884.3800278,success,per_county_scaling_tiny_small,Per-county learning curves for tiny and small counties
29199,tiny,31,32,5,5,42,xgboost,107,70.67171907424927,0.007232189178466797,-1.7930281081151551,49054.723019358,57176.1967818964,63.195681646840754,3269117478.44214,success,per_county_scaling_tiny_small,Per-county learning curves for tiny and small counties
29199,tiny,31,32,10,10,42,tabpfn,107,0.4345276355743408,0.21797680854797363,0.29466558966777867,21739.031743951833,29895.55619770833,29.48362038988549,893744280.370337,success,per_county_scaling_tiny_small,Per-county learning curves for tiny and small counties
29199,tiny,31,32,10,10,42,xgboost,107,26.64424753189087,0.00632166862487793,-0.709876872497377,39705.611638971364,46546.981289135234,52.80543740756249,2166621467.1311054,success,per_county_scaling_tiny_small,Per-county learning curves for tiny and small counties
29199,tiny,31,32,20,20,42,tabpfn,107,0.4625861644744873,0.21056437492370605,0.523842378399878,17751.836413885227,24405.850135895416,24.24171053106096,595645520.8557863,success,per_county_scaling_tiny_small,Per-county learning curves for tiny and small counties
29199,tiny,31,32,20,20,42,xgboost,107,8.214617729187012,0.0063970088958740234,0.31673685032546983,23776.296039129367,29235.637569191065,32.19518664449191,854722504.077096,success,per_county_scaling_tiny_small,Per-county learning curves for tiny and small counties
29199,tiny,31,32,30,30,42,tabpfn,107,0.47381019592285156,0.2199723720550537,0.49807031529236234,21636.54428521878,29265.707944944483,27.095929950379592,856481661.5187867,success,per_county_scaling_tiny_small,Per-county learning curves for tiny and small counties
29199,tiny,31,32,30,30,42,xgboost,107,12.816669464111328,0.0061991214752197266,0.37901488305164976,27139.13790438024,32552.038427419335,34.70998209035081,1059635205.780185,success,per_county_scaling_tiny_small,Per-county learning curves for tiny and small counties
