fips,size_bucket,county_train_pool_size,county_test_size,requested_train_size,actual_train_size,seed,model,n_features,fit_time,pred_time,r2,mae,rmse,mape,mse,status,experiment_name,experiment_description
29149,tiny,10,11,5,5,42,tabpfn,107,80.58547043800354,15.129658222198486,0.5870138968813774,16437.824399750083,21177.844716912216,42.13797723586938,448501106.85364664,success,per_county_scaling_tiny_small,Per-county learning curves for tiny and small counties
29149,tiny,10,11,5,5,42,xgboost,107,45.27466630935669,0.006812334060668945,-0.04817203847068763,25310.416906852366,33738.85389940091,65.92359207203246,1138310262.4451196,success,per_county_scaling_tiny_small,Per-county learning curves for tiny and small counties
29149,tiny,10,11,10,10,42,tabpfn,107,0.28305721282958984,0.21521306037902832,0.909663542838424,10002.904185437348,11486.887958289208,35.722299961630874,131948594.96628961,success,per_county_scaling_tiny_small,Per-county learning curves for tiny and small counties
29149,tiny,10,11,10,10,42,xgboost,107,9.939307928085327,0.006852626800537109,0.5093331041358591,19329.476894954398,26770.977987492228,45.8731555796772,716685262.4067935,success,per_county_scaling_tiny_small,Per-county learning curves for tiny and small counties
