fips,size_bucket,county_train_pool_size,county_test_size,requested_train_size,actual_train_size,seed,model,n_features,fit_time,pred_time,r2,mae,rmse,mape,mse,status,experiment_name,experiment_description
28131,tiny,39,40,5,5,42,tabpfn,107,88.4657392501831,10.646731853485107,-0.2843066327540804,30134.316549372124,34239.310453614125,34.631237428837736,1172330380.3389695,success,per_county_scaling_tiny_small,Per-county learning curves for tiny and small counties
28131,tiny,39,40,5,5,42,xgboost,107,8.054286241531372,0.006386995315551758,-0.6150638089283369,33437.971822809624,38395.95639464784,37.130238562788406,1474249467.4596984,success,per_county_scaling_tiny_small,Per-county learning curves for tiny and small counties
28131,tiny,39,40,10,10,42,tabpfn,107,0.5150580406188965,0.2241365909576416,0.36849295041857355,30897.608892699773,40606.26273266267,51.836182699110324,1648868573.1140292,success,per_county_scaling_tiny_small,Per-county learning curves for tiny and small counties
28131,tiny,39,40,10,10,42,xgboost,107,8.039066314697266,0.006103515625,0.09390712796601508,42748.02510363727,48639.6314730916,65.14863157069463,2365813749.838163,success,per_county_scaling_tiny_small,Per-county learning curves for tiny and small counties
28131,tiny,39,40,20,20,42,tabpfn,107,0.49092555046081543,0.21194791793823242,0.4357206787943815,31119.551741181163,39831.26393478276,55.312626100090526,1586529586.6423256,success,per_county_scaling_tiny_small,Per-county learning curves for tiny and small counties
28131,tiny,39,40,20,20,42,xgboost,107,6.545986175537109,0.006151676177978516,0.48276555481375694,28782.524836884295,38134.735599282205,59.005156553202795,1454258059.2271614,success,per_county_scaling_tiny_small,Per-county learning curves for tiny and small counties
28131,tiny,39,40,30,30,42,tabpfn,107,0.5404329299926758,0.2150413990020752,0.45960597832231,27645.230848649117,39895.548920269895,64.4374264927289,1591654823.6496482,success,per_county_scaling_tiny_small,Per-county learning curves for tiny and small counties
28131,tiny,39,40,30,30,42,xgboost,107,9.804029941558838,0.006209850311279297,0.28782410259061886,31031.69860459645,45799.71892424127,70.05620392371846,2097614253.5395043,success,per_county_scaling_tiny_small,Per-county learning curves for tiny and small counties
