fips,size_bucket,county_train_pool_size,county_test_size,requested_train_size,actual_train_size,seed,model,n_features,fit_time,pred_time,r2,mae,rmse,mape,mse,status,experiment_name,experiment_description
31009,tiny,10,10,5,5,42,tabpfn,107,105.54799008369446,13.990109205245972,-1.378009973024656,29324.27304758016,33163.97471169499,95.6399104832155,1099849218.6779447,success,per_county_scaling_tiny_small,Per-county learning curves for tiny and small counties
31009,tiny,10,10,5,5,42,xgboost,107,103.91457772254944,0.006623506546020508,-0.11783733437867983,22082.65761789266,22737.831547136917,64.86538803535495,517008983.4659748,success,per_county_scaling_tiny_small,Per-county learning curves for tiny and small counties
31009,tiny,10,10,10,10,42,tabpfn,107,0.41024017333984375,0.21564245223999023,-0.9709729002572585,26918.91851841553,30078.273631211887,83.10608643982363,904702544.6340563,success,per_county_scaling_tiny_small,Per-county learning curves for tiny and small counties
31009,tiny,10,10,10,10,42,xgboost,107,30.581987142562866,0.006564617156982422,-0.9498649695528507,28210.510315290536,29916.7800101218,90.55719814024188,895013726.1740234,success,per_county_scaling_tiny_small,Per-county learning curves for tiny and small counties
