fips,size_bucket,county_train_pool_size,county_test_size,requested_train_size,actual_train_size,seed,model,n_features,fit_time,pred_time,r2,mae,rmse,mape,mse,status,experiment_name,experiment_description
49001,tiny,28,29,5,5,42,tabpfn,107,20.21207308769226,3.328749179840088,-1.0205205997260203,52059.09842905556,59338.63952227047,27.075146874098195,3521074140.3539586,success,per_county_scaling_tiny_small,Per-county learning curves for tiny and small counties
49001,tiny,28,29,5,5,42,xgboost,107,56.747506618499756,0.0065000057220458984,-0.8712175065475765,51301.284043279695,57104.20366868413,25.96509514650463,3260890076.634558,success,per_county_scaling_tiny_small,Per-county learning curves for tiny and small counties
49001,tiny,28,29,10,10,42,tabpfn,107,0.42377638816833496,0.22034883499145508,-0.19219989035874008,39459.6959132169,45765.22079765731,20.43336149921663,2094455434.6583252,success,per_county_scaling_tiny_small,Per-county learning curves for tiny and small counties
49001,tiny,28,29,10,10,42,xgboost,107,35.00922775268555,0.006667137145996094,-0.7093225055552299,48538.305503734155,54799.04987278441,24.40458193744038,3002935866.9599133,success,per_county_scaling_tiny_small,Per-county learning curves for tiny and small counties
49001,tiny,28,29,20,20,42,tabpfn,107,0.4196474552154541,0.22774720191955566,0.13028663917882932,88419.13343465989,111717.32187965333,30.068266940979182,12480760007.96207,success,per_county_scaling_tiny_small,Per-county learning curves for tiny and small counties
49001,tiny,28,29,20,20,42,xgboost,107,6.655872106552124,0.006545305252075195,0.3637024877137178,72478.79008336677,95557.0112530625,26.927316601378525,9131142399.617914,success,per_county_scaling_tiny_small,Per-county learning curves for tiny and small counties
