fips,size_bucket,county_train_pool_size,county_test_size,requested_train_size,actual_train_size,seed,model,n_features,fit_time,pred_time,r2,mae,rmse,mape,mse,status,experiment_name,experiment_description
48045,tiny,15,16,5,5,42,tabpfn,107,41.52421188354492,8.67231798171997,0.39288869950121263,25660.44038124683,30762.214687735286,24.663382001109234,946313852.4943166,success,per_county_scaling_tiny_small,Per-county learning curves for tiny and small counties
48045,tiny,15,16,5,5,42,xgboost,107,84.0145857334137,0.007133960723876953,-0.03384876577043072,35265.49311562183,40143.19612262771,35.163088772277,1611476194.9397526,success,per_county_scaling_tiny_small,Per-county learning curves for tiny and small counties
48045,tiny,15,16,10,10,42,tabpfn,107,0.3324418067932129,0.21441650390625,-0.016162770406426885,35675.76835670531,45588.79929909085,31.550059535667007,2078338621.5327868,success,per_county_scaling_tiny_small,Per-county learning curves for tiny and small counties
48045,tiny,15,16,10,10,42,xgboost,107,58.15199828147888,0.0065190792083740234,-0.28697085040604287,44306.07946998656,51305.13911215022,41.6706749596923,2632217299.317086,success,per_county_scaling_tiny_small,Per-county learning curves for tiny and small counties
