fips,size_bucket,county_train_pool_size,county_test_size,requested_train_size,actual_train_size,seed,model,n_features,fit_time,pred_time,r2,mae,rmse,mape,mse,status,experiment_name,experiment_description
40025,tiny,21,21,5,5,42,tabpfn,107,37.98203468322754,9.595415115356445,-1.3614812881103755,26783.869850106683,28878.4131913302,44.0523290482,833962748.4491942,success,per_county_scaling_tiny_small,Per-county learning curves for tiny and small counties
40025,tiny,21,21,5,5,42,xgboost,107,15.249547481536865,0.006691932678222656,-0.02793564602427434,16333.617245939999,19053.02928060472,23.68197013958688,363017924.7675807,success,per_county_scaling_tiny_small,Per-county learning curves for tiny and small counties
40025,tiny,21,21,10,10,42,tabpfn,107,0.5696125030517578,0.2169663906097412,0.3458258457404404,16939.518192822572,21191.739523907167,30.256715404334578,449089824.0491291,success,per_county_scaling_tiny_small,Per-county learning curves for tiny and small counties
40025,tiny,21,21,10,10,42,xgboost,107,8.251001358032227,0.006483793258666992,-0.09968007094179798,22497.352270203526,27475.973809233343,40.217025576156004,754929136.7656766,success,per_county_scaling_tiny_small,Per-county learning curves for tiny and small counties
40025,tiny,21,21,20,20,42,tabpfn,107,0.6094577312469482,0.23728370666503906,0.0638413895520491,20809.57629923241,26274.61351186798,37.45835297008497,690355315.1980355,success,per_county_scaling_tiny_small,Per-county learning curves for tiny and small counties
40025,tiny,21,21,20,20,42,xgboost,107,7.814807176589966,0.006402730941772461,0.02762333900452174,22098.69088256575,26778.04589543485,39.23078199130439,717063741.9780152,success,per_county_scaling_tiny_small,Per-county learning curves for tiny and small counties
