fips,size_bucket,county_train_pool_size,county_test_size,requested_train_size,actual_train_size,seed,model,n_features,fit_time,pred_time,r2,mae,rmse,mape,mse,status,experiment_name,experiment_description
31165,tiny,21,21,5,5,42,tabpfn,107,65.27130556106567,12.003656148910522,-0.6177915423933498,36390.4864232401,42255.976330693615,47.26973497036961,1785567535.660139,success,per_county_scaling_tiny_small,Per-county learning curves for tiny and small counties
31165,tiny,21,21,5,5,42,xgboost,107,9.986622333526611,0.006447792053222656,-0.34616829725511167,30831.80571267462,38545.75348070333,39.82628599485699,1485775111.3951528,success,per_county_scaling_tiny_small,Per-county learning curves for tiny and small counties
31165,tiny,21,21,10,10,42,tabpfn,107,0.46799707412719727,0.21762490272521973,-0.16004281520019448,30400.68600581615,35943.02154990216,42.557954060285965,1291900798.1367311,success,per_county_scaling_tiny_small,Per-county learning curves for tiny and small counties
31165,tiny,21,21,10,10,42,xgboost,107,21.502576112747192,0.006502628326416016,-0.2501935446558592,32031.681076500674,37313.51824257409,39.943993817574125,1392298643.6389098,success,per_county_scaling_tiny_small,Per-county learning curves for tiny and small counties
31165,tiny,21,21,20,20,42,tabpfn,107,0.4888756275177002,0.20638418197631836,0.36062309933257697,21014.653854691114,26750.458606349268,29.84397734987536,715587035.6500057,success,per_county_scaling_tiny_small,Per-county learning curves for tiny and small counties
31165,tiny,21,21,20,20,42,xgboost,107,6.104984283447266,0.006329536437988281,-0.2249630897059518,31530.6028874292,37026.63647975532,41.877790645364065,1370971809.0039473,success,per_county_scaling_tiny_small,Per-county learning curves for tiny and small counties
