fips,size_bucket,county_train_pool_size,county_test_size,requested_train_size,actual_train_size,seed,model,n_features,fit_time,pred_time,r2,mae,rmse,mape,mse,status,experiment_name,experiment_description
54101,tiny,24,24,5,5,42,tabpfn,107,22.40280318260193,3.0395569801330566,0.4031873664374407,22085.3629694363,29568.4371595178,50.12982333481324,874292476.0563532,success,per_county_scaling_tiny_small,Per-county learning curves for tiny and small counties
54101,tiny,24,24,5,5,42,xgboost,107,254.4097719192505,0.006647348403930664,-0.025788087069960053,32319.625827509222,38764.85752353849,94.55671238747861,1502714178.820239,success,per_county_scaling_tiny_small,Per-county learning curves for tiny and small counties
54101,tiny,24,24,10,10,42,tabpfn,107,0.5115623474121094,0.22337102890014648,0.5117885614253341,20041.425671372395,27571.432499776136,53.96157139705993,760183890.0897117,success,per_county_scaling_tiny_small,Per-county learning curves for tiny and small counties
54101,tiny,24,24,10,10,42,xgboost,107,959.6714417934418,0.025493860244750977,0.28160024729144306,26809.206026190102,33445.557741745135,85.7426167716624,1118605332.656408,success,per_county_scaling_tiny_small,Per-county learning curves for tiny and small counties
54101,tiny,24,24,20,20,42,tabpfn,107,3.7172915935516357,0.5356032848358154,0.4757667994754423,20849.73334230908,28917.612159052387,58.996344901760146,836228292.9813744,success,per_county_scaling_tiny_small,Per-county learning curves for tiny and small counties
54101,tiny,24,24,20,20,42,xgboost,107,9.099422931671143,0.00641942024230957,0.37020308039330696,21427.420679548668,31695.706285968965,54.33680118093708,1004617796.9664127,success,per_county_scaling_tiny_small,Per-county learning curves for tiny and small counties
