fips,size_bucket,county_train_pool_size,county_test_size,requested_train_size,actual_train_size,seed,model,n_features,fit_time,pred_time,r2,mae,rmse,mape,mse,status,experiment_name,experiment_description
46021,tiny,11,12,5,5,42,tabpfn,107,29.574240922927856,5.254945993423462,-0.3996387254653164,61656.781255974936,83389.27250429054,67.86009473213417,6953770768.794826,success,per_county_scaling_tiny_small,Per-county learning curves for tiny and small counties
46021,tiny,11,12,5,5,42,xgboost,107,1435.8065736293793,0.010032415390014648,-0.364004056408588,64777.317388787436,82320.88693200237,72.82065374502453,6776728425.271518,success,per_county_scaling_tiny_small,Per-county learning curves for tiny and small counties
46021,tiny,11,12,10,10,42,tabpfn,107,2.6619322299957275,0.23021721839904785,-0.05224636620960488,60651.20820373786,85574.37388780869,52.41467728204717,7322973466.290474,success,per_county_scaling_tiny_small,Per-county learning curves for tiny and small counties
46021,tiny,11,12,10,10,42,xgboost,107,984.6182401180267,0.00681614875793457,0.008372948667980329,60521.37682352952,83072.86637975468,87.70122482569583,6901101128.548575,success,per_county_scaling_tiny_small,Per-county learning curves for tiny and small counties
