fips,size_bucket,county_train_pool_size,county_test_size,requested_train_size,actual_train_size,seed,model,n_features,fit_time,pred_time,r2,mae,rmse,mape,mse,status,experiment_name,experiment_description
35019,tiny,32,33,5,5,42,tabpfn,107,70.81570363044739,10.006839752197266,0.07338311147097687,57801.406147455134,72158.16554986354,25.90473449211974,5206800855.521513,success,per_county_scaling_tiny_small,Per-county learning curves for tiny and small counties
35019,tiny,32,33,5,5,42,xgboost,107,120.98966479301453,0.007189273834228516,-0.5104832659250327,65345.26102434907,92128.35935274229,27.78259044967834,8487634597.028017,success,per_county_scaling_tiny_small,Per-county learning curves for tiny and small counties
35019,tiny,32,33,10,10,42,tabpfn,107,0.34610891342163086,0.21187329292297363,0.4408084562006003,45376.93311665591,57913.48579778976,21.498045148051173,3353971837.250797,success,per_county_scaling_tiny_small,Per-county learning curves for tiny and small counties
35019,tiny,32,33,10,10,42,xgboost,107,103.36316180229187,0.0066721439361572266,-0.12802971124432694,57703.13302195893,82254.50203232,24.758442715107996,6765803104.584934,success,per_county_scaling_tiny_small,Per-county learning curves for tiny and small counties
35019,tiny,32,33,20,20,42,tabpfn,107,0.6457185745239258,0.20810961723327637,0.377191847490313,83683.46877549311,126231.71642340359,30.59119134990422,15934446231.198578,success,per_county_scaling_tiny_small,Per-county learning curves for tiny and small counties
35019,tiny,32,33,20,20,42,xgboost,107,6.626103162765503,0.006720066070556641,-0.25701692881750837,97963.42000655373,179333.69896740632,31.15227779806971,32160575585.33231,success,per_county_scaling_tiny_small,Per-county learning curves for tiny and small counties
35019,tiny,32,33,30,30,42,tabpfn,107,0.3394172191619873,0.21054315567016602,0.12287386789866417,86369.68549169651,139174.81218521617,28.630825031940628,19369628346.7902,success,per_county_scaling_tiny_small,Per-county learning curves for tiny and small counties
35019,tiny,32,33,30,30,42,xgboost,107,8.999464988708496,0.006474971771240234,-0.4253395804472959,119480.07747323059,177414.36923043054,42.101472617020896,31475858409.43154,success,per_county_scaling_tiny_small,Per-county learning curves for tiny and small counties
