fips,size_bucket,county_train_pool_size,county_test_size,requested_train_size,actual_train_size,seed,model,n_features,fit_time,pred_time,r2,mae,rmse,mape,mse,status,experiment_name,experiment_description
28111,tiny,30,31,5,0,42,tabpfn,0,0.0,0.0,,,,,,failed: [Errno 2] No such file or directory: '/tmp/tabpfn/tabpfn-v2-regressor.ckpt',per_county_scaling_tiny_small,Per-county learning curves for tiny and small counties
28111,tiny,30,31,5,5,42,xgboost,107,9.109046936035156,0.006644248962402344,-2.743942702293646,14798.966010959974,15043.148909931397,13.308443921597584,226296329.12637016,success,per_county_scaling_tiny_small,Per-county learning curves for tiny and small counties
28111,tiny,30,31,10,10,42,tabpfn,107,0.6840238571166992,16.15847158432007,0.4793587529653014,17999.082600363236,25624.779975651927,44.757393518242104,656629348.8005719,success,per_county_scaling_tiny_small,Per-county learning curves for tiny and small counties
28111,tiny,30,31,10,10,42,xgboost,107,7.571113109588623,0.0067291259765625,-0.16573289679045566,31754.69378465486,38343.37928147314,89.35538719333587,1470214734.7229037,success,per_county_scaling_tiny_small,Per-county learning curves for tiny and small counties
28111,tiny,30,31,20,20,42,tabpfn,107,0.513463020324707,0.2226705551147461,0.5068206123481149,21812.817982828507,30379.74064662737,78.40773368189036,922928641.7563432,success,per_county_scaling_tiny_small,Per-county learning curves for tiny and small counties
28111,tiny,30,31,20,20,42,xgboost,107,6.264898061752319,0.006685495376586914,0.5358466892903486,22223.617488655727,29472.184664642904,73.34910961730384,868609668.9068124,success,per_county_scaling_tiny_small,Per-county learning curves for tiny and small counties
28111,tiny,30,31,30,30,42,tabpfn,107,0.521338939666748,0.2212996482849121,0.5790197614453465,19159.85339714428,27620.248430648884,69.16879305212655,762878123.3707622,success,per_county_scaling_tiny_small,Per-county learning curves for tiny and small counties
28111,tiny,30,31,30,30,42,xgboost,107,13.07677412033081,0.006723642349243164,0.4071417564462765,25288.961764079766,32777.223093041,83.08032391971129,1074346353.6909802,success,per_county_scaling_tiny_small,Per-county learning curves for tiny and small counties
