fips,size_bucket,county_train_pool_size,county_test_size,requested_train_size,actual_train_size,seed,model,n_features,fit_time,pred_time,r2,mae,rmse,mape,mse,status,experiment_name,experiment_description
1075,tiny,17,17,5,5,42,tabpfn,107,120.36856460571289,21.879650592803955,0.23781766792287307,20660.908720220013,25198.564030185134,37.44338063267802,634967629.1833401,success,per_county_scaling_tiny_small,Per-county learning curves for tiny and small counties
1075,tiny,17,17,5,5,42,xgboost,107,20.11441683769226,0.006826162338256836,-0.3036885244054275,28216.265912315608,32955.90751439301,57.494498209664336,1086091840.0972254,success,per_county_scaling_tiny_small,Per-county learning curves for tiny and small counties
1075,tiny,17,17,10,10,42,tabpfn,107,0.44058918952941895,0.25074100494384766,0.1364005593757045,30815.892893627402,43475.83073746708,52.38079751912215,1890147858.312887,success,per_county_scaling_tiny_small,Per-county learning curves for tiny and small counties
1075,tiny,17,17,10,10,42,xgboost,107,11.03651237487793,0.0067119598388671875,0.26323316917133965,31956.483771384763,40156.58255500983,67.53173978877625,1612551122.49732,success,per_county_scaling_tiny_small,Per-county learning curves for tiny and small counties
