fips,size_bucket,county_train_pool_size,county_test_size,requested_train_size,actual_train_size,seed,model,n_features,fit_time,pred_time,r2,mae,rmse,mape,mse,status,experiment_name,experiment_description
30055,tiny,23,23,5,5,42,tabpfn,107,76.24004483222961,10.069091081619263,-2.2973180678767378,102745.77971696942,143257.06943727747,111.79833629348303,20522587943.75694,success,per_county_scaling_tiny_small,Per-county learning curves for tiny and small counties
30055,tiny,23,23,5,5,42,xgboost,107,41.11652326583862,0.01684093475341797,-0.014091044742444936,63493.7508446868,79446.38037991426,65.27441132487705,6311727355.470026,success,per_county_scaling_tiny_small,Per-county learning curves for tiny and small counties
30055,tiny,23,23,10,10,42,tabpfn,107,0.46913647651672363,0.21614742279052734,-0.4736360491295717,65764.39095817585,95559.23189886136,73.51899465352876,9131566801.100363,success,per_county_scaling_tiny_small,Per-county learning curves for tiny and small counties
30055,tiny,23,23,10,10,42,xgboost,107,35.5035502910614,0.006426572799682617,-1.255822736311031,91892.93103969759,118230.63347829417,100.39323160095897,13978482692.678736,success,per_county_scaling_tiny_small,Per-county learning curves for tiny and small counties
30055,tiny,23,23,20,20,42,tabpfn,107,0.5518598556518555,0.22296619415283203,-0.17508918860360012,62598.1241755788,86536.73112942823,65.18777741976209,7488605834.566953,success,per_county_scaling_tiny_small,Per-county learning curves for tiny and small counties
30055,tiny,23,23,20,20,42,xgboost,107,9.156413555145264,0.006470441818237305,-0.4462358500586465,72946.91595547012,96002.96188701031,65.61143253665554,9216568691.078754,success,per_county_scaling_tiny_small,Per-county learning curves for tiny and small counties
