fips,size_bucket,county_train_pool_size,county_test_size,requested_train_size,actual_train_size,seed,model,n_features,fit_time,pred_time,r2,mae,rmse,mape,mse,status,experiment_name,experiment_description
30075,tiny,14,14,5,5,42,tabpfn,107,72.60013890266418,9.224826574325562,-0.035679405362691874,34667.750554219674,40231.23101275147,32.98226310326452,1618551948.8013759,success,per_county_scaling_tiny_small,Per-county learning curves for tiny and small counties
30075,tiny,14,14,5,5,42,xgboost,107,66.01611423492432,0.007799625396728516,-0.0006588532010758374,37033.946424755384,39545.19053575082,32.17882735008641,1563822094.5088363,success,per_county_scaling_tiny_small,Per-county learning curves for tiny and small counties
30075,tiny,14,14,10,10,42,tabpfn,107,0.3718883991241455,0.2158048152923584,0.03793984197918887,53485.86015688577,58993.89606409385,41.9966305364177,3480279772.8211083,success,per_county_scaling_tiny_small,Per-county learning curves for tiny and small counties
30075,tiny,14,14,10,10,42,xgboost,107,41.59566354751587,0.006276130676269531,0.12297746313561364,50258.11629527863,56326.31514987602,39.92035690078335,3172653778.363153,success,per_county_scaling_tiny_small,Per-county learning curves for tiny and small counties
