fips,size_bucket,county_train_pool_size,county_test_size,requested_train_size,actual_train_size,seed,model,n_features,fit_time,pred_time,r2,mae,rmse,mape,mse,status,experiment_name,experiment_description
29085,tiny,15,15,5,5,42,tabpfn,107,80.64731240272522,12.768946409225464,0.7089883825673073,16478.936449385266,20019.864546893095,27.994797964133877,400794976.4759471,success,per_county_scaling_tiny_small,Per-county learning curves for tiny and small counties
29085,tiny,15,15,5,5,42,xgboost,107,100.28638696670532,0.006685733795166016,-0.015241207866464546,33548.88254313525,37393.024143403316,61.1929184562421,1398238254.589143,success,per_county_scaling_tiny_small,Per-county learning curves for tiny and small counties
29085,tiny,15,15,10,10,42,tabpfn,107,0.42472147941589355,0.21507763862609863,0.581542512333773,22158.25563282862,24509.394243637376,40.99787486526561,600710406.190045,success,per_county_scaling_tiny_small,Per-county learning curves for tiny and small counties
29085,tiny,15,15,10,10,42,xgboost,107,131.41888904571533,0.006695747375488281,0.4237588282998782,25672.091049495277,28761.33551945269,45.3059381583018,827214420.8625308,success,per_county_scaling_tiny_small,Per-county learning curves for tiny and small counties
