fips,size_bucket,county_train_pool_size,county_test_size,requested_train_size,actual_train_size,seed,model,n_features,fit_time,pred_time,r2,mae,rmse,mape,mse,status,experiment_name,experiment_description
54071,tiny,26,26,5,5,42,tabpfn,107,17.12765645980835,3.9621987342834473,-0.1845431651131908,37871.02116656578,48679.625100246594,52.24327234436268,2369705899.900558,success,per_county_scaling_tiny_small,Per-county learning curves for tiny and small counties
54071,tiny,26,26,5,5,42,xgboost,107,45.86467528343201,0.0080108642578125,-0.11272335102172604,37520.181623296536,47180.80866946982,58.78454708246059,2226028706.7051187,success,per_county_scaling_tiny_small,Per-county learning curves for tiny and small counties
54071,tiny,26,26,10,10,42,tabpfn,107,0.5193295478820801,0.21479272842407227,0.09330009285855556,40995.530825729715,56307.428510552185,53.72103593510536,3170526505.470945,success,per_county_scaling_tiny_small,Per-county learning curves for tiny and small counties
54071,tiny,26,26,10,10,42,xgboost,107,86.15034937858582,0.006687164306640625,0.09538102801491388,43310.31823558548,56242.776792113866,62.28742754570591,3163249941.287542,success,per_county_scaling_tiny_small,Per-county learning curves for tiny and small counties
54071,tiny,26,26,20,20,42,tabpfn,107,0.5157935619354248,0.21825838088989258,0.2339435373781884,38630.0043066591,52111.67300441447,75.92281252088291,2715626463.3190203,success,per_county_scaling_tiny_small,Per-county learning curves for tiny and small counties
54071,tiny,26,26,20,20,42,xgboost,107,13.025821447372437,0.006792783737182617,0.11072195914313165,43613.546073486024,56146.59321341262,69.21999581406664,3152439929.472432,success,per_county_scaling_tiny_small,Per-county learning curves for tiny and small counties
