fips,size_bucket,county_train_pool_size,county_test_size,requested_train_size,actual_train_size,seed,model,n_features,fit_time,pred_time,r2,mae,rmse,mape,mse,status,experiment_name,experiment_description
21189,tiny,20,21,5,5,42,tabpfn,107,94.05332231521606,12.898159503936768,-0.47842249837689543,27552.467367385536,34210.58935275347,129.64662610463208,1170364423.8627293,success,per_county_scaling_tiny_small,Per-county learning curves for tiny and small counties
21189,tiny,20,21,5,5,42,xgboost,107,8.227850914001465,0.006740093231201172,-0.0013529022049960648,23400.98320164893,28154.956124376906,111.98820141923586,792701554.3655887,success,per_county_scaling_tiny_small,Per-county learning curves for tiny and small counties
21189,tiny,20,21,10,10,42,tabpfn,107,0.6618523597717285,0.21695518493652344,0.1826767968097016,14819.303068985051,25433.17732982172,38.74487675067182,646846509.0901575,success,per_county_scaling_tiny_small,Per-county learning curves for tiny and small counties
21189,tiny,20,21,10,10,42,xgboost,107,7.034341096878052,0.006708383560180664,0.14909476329237248,18913.946205145756,25950.414753368026,86.95925539546074,673424025.8718209,success,per_county_scaling_tiny_small,Per-county learning curves for tiny and small counties
21189,tiny,20,21,20,20,42,tabpfn,107,0.5758659839630127,0.22777199745178223,0.019753617826737235,17500.416027787167,27845.470013598893,39.512761607600815,775370200.2782351,success,per_county_scaling_tiny_small,Per-county learning curves for tiny and small counties
21189,tiny,20,21,20,20,42,xgboost,107,6.327208757400513,0.006804227828979492,0.23313757476137997,16313.876965287172,24628.936453896513,62.745142490310755,606584510.8500725,success,per_county_scaling_tiny_small,Per-county learning curves for tiny and small counties
