fips,size_bucket,county_train_pool_size,county_test_size,requested_train_size,actual_train_size,seed,model,n_features,fit_time,pred_time,r2,mae,rmse,mape,mse,status,experiment_name,experiment_description
28129,tiny,23,23,5,5,42,tabpfn,107,106.74456143379211,12.611348390579224,-0.27553867702023416,30217.261876670913,36154.52014327216,32.46073467851286,1307149326.7902725,success,per_county_scaling_tiny_small,Per-county learning curves for tiny and small counties
28129,tiny,23,23,5,5,42,xgboost,107,9.026024341583252,0.006550312042236328,-0.733344982263892,33951.58422721439,42146.18698906955,35.903900593684845,1776301077.7176156,success,per_county_scaling_tiny_small,Per-county learning curves for tiny and small counties
28129,tiny,23,23,10,10,42,tabpfn,107,0.5154745578765869,0.23063302040100098,0.5510065858522083,32266.31010080064,45162.355090573416,36.55187390335474,2039638317.3270423,success,per_county_scaling_tiny_small,Per-county learning curves for tiny and small counties
28129,tiny,23,23,10,10,42,xgboost,107,7.381212949752808,0.006531715393066406,0.170339757120062,41151.023246181074,61391.286626894864,37.01533924428595,3768890073.70556,success,per_county_scaling_tiny_small,Per-county learning curves for tiny and small counties
28129,tiny,23,23,20,20,42,tabpfn,107,0.5160877704620361,0.22052955627441406,0.8427674459414674,21564.923619918158,26798.05022014185,23.68160910411718,718135495.6012447,success,per_county_scaling_tiny_small,Per-county learning curves for tiny and small counties
28129,tiny,23,23,20,20,42,xgboost,107,8.700920581817627,0.006533145904541016,0.6683239402245057,29241.671072363806,38921.4512122616,29.431073591602342,1514879364.46846,success,per_county_scaling_tiny_small,Per-county learning curves for tiny and small counties
