fips,size_bucket,county_train_pool_size,county_test_size,requested_train_size,actual_train_size,seed,model,n_features,fit_time,pred_time,r2,mae,rmse,mape,mse,status,experiment_name,experiment_description
28117,tiny,35,35,5,5,42,tabpfn,107,84.19370198249817,11.821920394897461,-0.3006169001013439,20065.395517931265,23514.04169122186,65.50265112004502,552910156.6565198,success,per_county_scaling_tiny_small,Per-county learning curves for tiny and small counties
28117,tiny,35,35,5,5,42,xgboost,107,8.256153106689453,0.0066220760345458984,-0.3256502190201773,20534.85670654734,23739.253680225233,73.81789633419878,563552165.2940873,success,per_county_scaling_tiny_small,Per-county learning curves for tiny and small counties
28117,tiny,35,35,10,10,42,tabpfn,107,0.5223550796508789,0.2193012237548828,-0.32257003189189093,25955.093905579008,33661.52129548347,63.62483747589229,1133098015.9262874,success,per_county_scaling_tiny_small,Per-county learning curves for tiny and small counties
28117,tiny,35,35,10,10,42,xgboost,107,8.265668153762817,0.006617069244384766,-0.19984402015810132,25489.365543413835,32061.718472191686,69.96859453186303,1027953791.3900776,success,per_county_scaling_tiny_small,Per-county learning curves for tiny and small counties
28117,tiny,35,35,20,20,42,tabpfn,107,0.5375475883483887,0.21680998802185059,-0.052740647912999705,25095.283086142117,33802.81713821799,67.52466510243526,1142630446.479804,success,per_county_scaling_tiny_small,Per-county learning curves for tiny and small counties
28117,tiny,35,35,20,20,42,xgboost,107,6.306586503982544,0.006453037261962891,-0.06323100619714817,25836.624297079616,33970.818938249846,74.16427275060937,1154016539.3353543,success,per_county_scaling_tiny_small,Per-county learning curves for tiny and small counties
28117,tiny,35,35,30,30,42,tabpfn,107,0.5311810970306396,0.21737980842590332,0.07601822493385668,22639.619231475244,31689.88812962264,70.61837970999538,1004249009.667998,success,per_county_scaling_tiny_small,Per-county learning curves for tiny and small counties
28117,tiny,35,35,30,30,42,xgboost,107,11.592966318130493,0.006438255310058594,0.2665996175680615,21158.3888464306,28233.16521440207,77.35128281667322,797111618.023723,success,per_county_scaling_tiny_small,Per-county learning curves for tiny and small counties
