fips,size_bucket,county_train_pool_size,county_test_size,requested_train_size,actual_train_size,seed,model,n_features,fit_time,pred_time,r2,mae,rmse,mape,mse,status,experiment_name,experiment_description
48283,tiny,20,21,5,5,42,tabpfn,107,22.234405279159546,3.2201602458953857,0.3008991615908284,34323.55488756728,48689.32504300343,24.366517928865925,2370650373.1432414,success,per_county_scaling_tiny_small,Per-county learning curves for tiny and small counties
48283,tiny,20,21,5,5,42,xgboost,107,40.20772051811218,0.007132530212402344,-0.013845649467287169,54318.23083250775,58634.03253114592,61.714305301293734,3437949770.863477,success,per_county_scaling_tiny_small,Per-county learning curves for tiny and small counties
48283,tiny,20,21,10,10,42,tabpfn,107,0.3480222225189209,0.2225804328918457,0.1915032034423264,40905.2683761677,53151.04947066786,37.22193126510704,2825034059.8333817,success,per_county_scaling_tiny_small,Per-county learning curves for tiny and small counties
48283,tiny,20,21,10,10,42,xgboost,107,37.59775161743164,0.006609916687011719,0.25101365973624756,43987.7181091121,51157.538647060166,48.64800827486384,2617093760.425454,success,per_county_scaling_tiny_small,Per-county learning curves for tiny and small counties
48283,tiny,20,21,20,20,42,tabpfn,107,0.3695383071899414,0.22999334335327148,0.7641503179528466,35205.85173310339,52269.95657801485,29.539846050101087,2732148360.6675577,success,per_county_scaling_tiny_small,Per-county learning curves for tiny and small counties
48283,tiny,20,21,20,20,42,xgboost,107,9.993220329284668,0.006531476974487305,0.6809656067999663,37380.90846673431,60792.953599817614,27.356259199722643,3695783207.389578,success,per_county_scaling_tiny_small,Per-county learning curves for tiny and small counties
