fips,size_bucket,county_train_pool_size,county_test_size,requested_train_size,actual_train_size,seed,model,n_features,fit_time,pred_time,r2,mae,rmse,mape,mse,status,experiment_name,experiment_description
13265,tiny,36,37,5,5,42,tabpfn,107,104.02157592773438,12.202491044998169,-0.4167581208629383,33958.49051413984,40042.289126352945,34.75757301897957,1603384918.4784431,success,per_county_scaling_tiny_small,Per-county learning curves for tiny and small counties
13265,tiny,36,37,5,5,42,xgboost,107,34.2589750289917,0.0065882205963134766,-1.1387472614296525,41259.00286633578,49198.37687662741,37.8448730551904,2420480287.294667,success,per_county_scaling_tiny_small,Per-county learning curves for tiny and small counties
13265,tiny,36,37,10,10,42,tabpfn,107,0.4039006233215332,0.2180030345916748,0.1859309193233405,39417.01107930348,51709.248665788626,34.06233079083366,2673846397.580363,success,per_county_scaling_tiny_small,Per-county learning curves for tiny and small counties
13265,tiny,36,37,10,10,42,xgboost,107,44.19836735725403,0.0064656734466552734,-0.8002841093847464,58446.9373884251,76896.77418678634,41.87918686123789,5913113880.333609,success,per_county_scaling_tiny_small,Per-county learning curves for tiny and small counties
13265,tiny,36,37,20,20,42,tabpfn,107,0.47512173652648926,0.21233725547790527,0.21990176100824632,47883.75365931727,67746.54741295506,33.925411084607234,4589594686.375767,success,per_county_scaling_tiny_small,Per-county learning curves for tiny and small counties
13265,tiny,36,37,20,20,42,xgboost,107,11.213016986846924,0.00633549690246582,-0.12185897120571854,57421.4468603308,81242.19541884704,39.62226973816594,6600294316.474132,success,per_county_scaling_tiny_small,Per-county learning curves for tiny and small counties
13265,tiny,36,37,30,30,42,tabpfn,107,0.45941877365112305,0.21476960182189941,0.5691827295356717,45134.24967009755,59428.66396404906,37.89413318945181,3531766100.5518637,success,per_county_scaling_tiny_small,Per-county learning curves for tiny and small counties
13265,tiny,36,37,30,30,42,xgboost,107,13.498069763183594,0.00626373291015625,0.20175823703239526,55853.30024019892,80894.06083811316,38.87157735881363,6543849078.880353,success,per_county_scaling_tiny_small,Per-county learning curves for tiny and small counties
