fips,size_bucket,county_train_pool_size,county_test_size,requested_train_size,actual_train_size,seed,model,n_features,fit_time,pred_time,r2,mae,rmse,mape,mse,status,experiment_name,experiment_description
2232,tiny,21,21,5,5,42,tabpfn,107,101.2356584072113,16.58707356452942,-1.4200791866715905,149681.4663105861,166167.94475142806,38.14323710836171,27611785862.91365,success,per_county_scaling_tiny_small,Per-county learning curves for tiny and small counties
2232,tiny,21,21,5,5,42,xgboost,107,26.23086905479431,0.007262468338012695,-0.03835549739495625,99153.663035643,108844.25052965764,32.002576159957194,11847070873.362879,success,per_county_scaling_tiny_small,Per-county learning curves for tiny and small counties
2232,tiny,21,21,10,10,42,tabpfn,107,0.3301811218261719,0.21314764022827148,-0.05176415807282031,109002.11484517207,119442.8732525978,30.61493168030213,14266599970.836143,success,per_county_scaling_tiny_small,Per-county learning curves for tiny and small counties
2232,tiny,21,21,10,10,42,xgboost,107,55.89405870437622,0.006892681121826172,-0.08675763518460955,110493.94222612443,121413.6201701472,33.84129013362033,14741267162.820774,success,per_county_scaling_tiny_small,Per-county learning curves for tiny and small counties
2232,tiny,21,21,20,20,42,tabpfn,107,0.22421908378601074,0.21038222312927246,0.3263602919145465,82646.87636904768,123244.08585501312,35.48668108826733,15189104698.237844,success,per_county_scaling_tiny_small,Per-county learning curves for tiny and small counties
2232,tiny,21,21,20,20,42,xgboost,107,8.154688835144043,0.006711721420288086,0.32461940763192576,84735.95151785713,123403.23268876609,32.241316406002504,15228357838.037748,success,per_county_scaling_tiny_small,Per-county learning curves for tiny and small counties
