fips,size_bucket,county_train_pool_size,county_test_size,requested_train_size,actual_train_size,seed,model,n_features,fit_time,pred_time,r2,mae,rmse,mape,mse,status,experiment_name,experiment_description
30045,tiny,35,35,5,5,42,tabpfn,107,77.09586262702942,10.009909868240356,-2.7198688292519715,58147.18370948847,65441.62873227269,50.27332637994287,4282606771.132619,success,per_county_scaling_tiny_small,Per-county learning curves for tiny and small counties
30045,tiny,35,35,5,5,42,xgboost,107,52.77718114852905,0.007103443145751953,-2.812707907647006,62805.33022288132,66253.2297333775,48.350148039203134,4389490450.103697,success,per_county_scaling_tiny_small,Per-county learning curves for tiny and small counties
30045,tiny,35,35,10,10,42,tabpfn,107,0.5031611919403076,0.23076272010803223,-2.277359059393006,106940.52195935539,120681.42209377249,57.6791847034327,14564005638.575277,success,per_county_scaling_tiny_small,Per-county learning curves for tiny and small counties
30045,tiny,35,35,10,10,42,xgboost,107,118.85818696022034,0.0063397884368896484,-1.3806640242079542,90924.63292364111,102855.48624430058,51.513985972605134,10579251050.551506,success,per_county_scaling_tiny_small,Per-county learning curves for tiny and small counties
30045,tiny,35,35,20,20,42,tabpfn,107,0.5683557987213135,0.2097318172454834,-1.1466770530472616,85768.11700443877,95501.61010980653,53.08177759387842,9120557533.5655,success,per_county_scaling_tiny_small,Per-county learning curves for tiny and small counties
30045,tiny,35,35,20,20,42,xgboost,107,7.784003496170044,0.006410121917724609,-0.8147398122198162,77332.51254015305,87808.08791423691,45.39143393086726,7710260303.154358,success,per_county_scaling_tiny_small,Per-county learning curves for tiny and small counties
30045,tiny,35,35,30,30,42,tabpfn,107,0.4886744022369385,0.21142983436584473,0.07804694961012282,103575.40456203792,169795.0810699677,48.90797463826459,28830369555.556904,success,per_county_scaling_tiny_small,Per-county learning curves for tiny and small counties
30045,tiny,35,35,30,30,42,xgboost,107,12.873766660690308,0.0063991546630859375,-0.012676396354949881,104310.93268703793,177953.29982240257,54.00251689457518,31667376917.681904,success,per_county_scaling_tiny_small,Per-county learning curves for tiny and small counties
