fips,size_bucket,county_train_pool_size,county_test_size,requested_train_size,actual_train_size,seed,model,n_features,fit_time,pred_time,r2,mae,rmse,mape,mse,status,experiment_name,experiment_description
8033,tiny,29,29,5,5,42,tabpfn,107,101.87802219390869,12.742510795593262,-0.13622507439340747,93090.7433762432,101070.95703797438,41.68404459709518,10215338356.572063,success,per_county_scaling_tiny_small,Per-county learning curves for tiny and small counties
8033,tiny,29,29,5,5,42,xgboost,107,127.88932180404663,0.008162498474121094,-0.22799966473559752,91566.85463701905,105073.52872858605,43.00715465154987,11040446439.476997,success,per_county_scaling_tiny_small,Per-county learning curves for tiny and small counties
8033,tiny,29,29,10,10,42,tabpfn,107,0.42423295974731445,0.2133045196533203,0.1170493941972931,79541.27903223937,89220.01095850617,36.57217893114553,7960210355.435961,success,per_county_scaling_tiny_small,Per-county learning curves for tiny and small counties
8033,tiny,29,29,10,10,42,xgboost,107,71.49538683891296,0.006491184234619141,-0.557795795925182,103304.53765292902,118508.453717465,43.260384188395676,14044253602.504545,success,per_county_scaling_tiny_small,Per-county learning curves for tiny and small counties
8033,tiny,29,29,20,20,42,tabpfn,107,0.6880464553833008,0.21350932121276855,0.5075548141755536,89201.79510209578,124617.52243364436,30.424305224353752,15529526897.499857,success,per_county_scaling_tiny_small,Per-county learning curves for tiny and small counties
8033,tiny,29,29,20,20,42,xgboost,107,7.2335593700408936,0.00649261474609375,0.12308013664715023,116800.51398679407,166295.35490826433,36.069900316363075,27654145064.065594,success,per_county_scaling_tiny_small,Per-county learning curves for tiny and small counties
