fips,size_bucket,county_train_pool_size,county_test_size,requested_train_size,actual_train_size,seed,model,n_features,fit_time,pred_time,r2,mae,rmse,mape,mse,status,experiment_name,experiment_description
31113,tiny,31,32,5,5,42,tabpfn,107,109.01144480705261,12.685043334960938,-0.06599061063495504,15336.93039895843,21499.521233236985,46.78724088082316,462229413.2584079,success,per_county_scaling_tiny_small,Per-county learning curves for tiny and small counties
31113,tiny,31,32,5,5,42,xgboost,107,161.6305856704712,0.006838321685791016,-0.07582900011318294,19199.429788606878,21598.506558081626,48.848600837480305,466495485.53949505,success,per_county_scaling_tiny_small,Per-county learning curves for tiny and small counties
31113,tiny,31,32,10,10,42,tabpfn,107,0.40483760833740234,0.2196190357208252,-0.04761848300087479,30817.467659838312,39097.059155276394,43.992780505716176,1528580034.5911818,success,per_county_scaling_tiny_small,Per-county learning curves for tiny and small counties
31113,tiny,31,32,10,10,42,xgboost,107,102.7682752609253,0.006613731384277344,-0.29633731342773895,35384.58026970159,43491.21356964801,46.39842983183327,1891485657.760735,success,per_county_scaling_tiny_small,Per-county learning curves for tiny and small counties
31113,tiny,31,32,20,20,42,tabpfn,107,0.6486785411834717,0.21285200119018555,0.14164978279008977,28473.119947636977,38256.40126824349,40.39937544541202,1463552237.9968624,success,per_county_scaling_tiny_small,Per-county learning curves for tiny and small counties
31113,tiny,31,32,20,20,42,xgboost,107,9.166277408599854,0.006335258483886719,-0.021902929377526137,33219.40168591822,41742.328875643325,42.03164743898458,1742422019.9623668,success,per_county_scaling_tiny_small,Per-county learning curves for tiny and small counties
31113,tiny,31,32,30,30,42,tabpfn,107,0.4505152702331543,0.2177729606628418,0.3711427610224165,25897.72935971291,35387.02479439936,36.42415304887565,1252241523.7994351,success,per_county_scaling_tiny_small,Per-county learning curves for tiny and small counties
31113,tiny,31,32,30,30,42,xgboost,107,9.101616382598877,0.0062313079833984375,0.07935870446642501,34814.75478085548,42816.70510222173,47.579819792555334,1833270235.8106203,success,per_county_scaling_tiny_small,Per-county learning curves for tiny and small counties
