fips,size_bucket,county_train_pool_size,county_test_size,requested_train_size,actual_train_size,seed,model,n_features,fit_time,pred_time,r2,mae,rmse,mape,mse,status,experiment_name,experiment_description
31103,tiny,26,26,5,5,42,tabpfn,107,113.25358724594116,13.20055079460144,-0.3662766337942531,55477.41509499022,77124.49544880849,63.5223719087347,5948187798.233281,success,per_county_scaling_tiny_small,Per-county learning curves for tiny and small counties
31103,tiny,26,26,5,5,42,xgboost,107,20.515701055526733,0.006509065628051758,-0.083292299544234,48850.12032335559,68674.55332786773,66.53564147835523,4716194274.782149,success,per_county_scaling_tiny_small,Per-county learning curves for tiny and small counties
31103,tiny,26,26,10,10,42,tabpfn,107,0.42983341217041016,0.21063637733459473,-0.3212631574288345,58868.45844670595,80037.40445679039,103.11915453812995,6405986112.17985,success,per_county_scaling_tiny_small,Per-county learning curves for tiny and small counties
31103,tiny,26,26,10,10,42,xgboost,107,23.087342500686646,0.0062580108642578125,-0.2143920625095299,56863.031538653064,76732.2253892122,113.60393767016261,5887834413.1808605,success,per_county_scaling_tiny_small,Per-county learning curves for tiny and small counties
31103,tiny,26,26,20,20,42,tabpfn,107,0.43019986152648926,0.21819591522216797,-0.04856924014667863,50320.67003431828,71744.89233030824,81.5379837832704,5147329575.487522,success,per_county_scaling_tiny_small,Per-county learning curves for tiny and small counties
31103,tiny,26,26,20,20,42,xgboost,107,8.663524389266968,0.006178617477416992,-0.08187650034547911,54591.84821941444,72875.45430545615,81.93456395917067,5310831840.226627,success,per_county_scaling_tiny_small,Per-county learning curves for tiny and small counties
