fips,size_bucket,county_train_pool_size,county_test_size,requested_train_size,actual_train_size,seed,model,n_features,fit_time,pred_time,r2,mae,rmse,mape,mse,status,experiment_name,experiment_description
28009,tiny,11,12,5,5,42,tabpfn,107,74.67586326599121,11.597350835800171,0.1946827238312453,16767.81624079842,23167.12419534051,48.400719772167584,536715643.48233175,success,per_county_scaling_tiny_small,Per-county learning curves for tiny and small counties
28009,tiny,11,12,5,5,42,xgboost,107,8.746774435043335,0.006413459777832031,-0.010751131598343067,21280.672035069252,25954.38466826714,59.87518891391302,673630083.5083804,success,per_county_scaling_tiny_small,Per-county learning curves for tiny and small counties
28009,tiny,11,12,10,10,42,tabpfn,107,1.0228683948516846,0.2186260223388672,0.021508763364307182,20387.792453258102,26159.384508405317,80.2400677820615,684313397.8585961,success,per_county_scaling_tiny_small,Per-county learning curves for tiny and small counties
28009,tiny,11,12,10,10,42,xgboost,107,7.66591215133667,0.0064547061920166016,-0.053467629866392086,19020.903537242484,27143.112641086027,53.435017401234084,736748563.8466841,success,per_county_scaling_tiny_small,Per-county learning curves for tiny and small counties
