fips,size_bucket,county_train_pool_size,county_test_size,requested_train_size,actual_train_size,seed,model,n_features,fit_time,pred_time,r2,mae,rmse,mape,mse,status,experiment_name,experiment_description
2016,tiny,17,17,5,5,42,tabpfn,107,106.52820301055908,15.896633625030518,0.44756234596233213,45374.379944783854,53054.78262381453,9.80966348537993,2814809959.260212,success,per_county_scaling_tiny_small,Per-county learning curves for tiny and small counties
2016,tiny,17,17,5,5,42,xgboost,107,109.93375158309937,0.006712913513183594,-0.22086969748580376,63748.06045948976,78871.038738125,12.820903971914511,6220640751.630815,success,per_county_scaling_tiny_small,Per-county learning curves for tiny and small counties
2016,tiny,17,17,10,10,42,tabpfn,107,0.3500230312347412,0.20878195762634277,0.18292681867596416,72937.5170176375,83745.16959595017,14.929183812925793,7013253430.654457,success,per_county_scaling_tiny_small,Per-county learning curves for tiny and small counties
2016,tiny,17,17,10,10,42,xgboost,107,98.35345458984375,0.006720304489135742,0.019968670581279935,75252.80929704927,91716.87905297083,14.800915000573644,8411985903.217281,success,per_county_scaling_tiny_small,Per-county learning curves for tiny and small counties
