fips,size_bucket,county_train_pool_size,county_test_size,requested_train_size,actual_train_size,seed,model,n_features,fit_time,pred_time,r2,mae,rmse,mape,mse,status,experiment_name,experiment_description
48105,tiny,37,38,5,5,42,tabpfn,107,18.765146017074585,3.290954828262329,0.11430983218424717,33748.60065521894,37772.95949356241,26.137412637402953,1426796468.9023066,success,per_county_scaling_tiny_small,Per-county learning curves for tiny and small counties
48105,tiny,37,38,5,5,42,xgboost,107,116.64264869689941,0.006818532943725586,-0.25988741311345764,41491.663360811035,45051.159153561486,28.165872519926825,2029606941.079527,success,per_county_scaling_tiny_small,Per-county learning curves for tiny and small counties
48105,tiny,37,38,10,10,42,tabpfn,107,0.3404538631439209,0.2236006259918213,0.1336515058291382,37783.625902825625,42961.40630610042,29.73320598270128,1845682431.7978451,success,per_county_scaling_tiny_small,Per-county learning curves for tiny and small counties
48105,tiny,37,38,10,10,42,xgboost,107,63.72934317588806,0.007315635681152344,-0.28405513918949454,46253.619735062464,52302.68851068203,32.5154334498979,2735571225.4454293,success,per_county_scaling_tiny_small,Per-county learning curves for tiny and small counties
48105,tiny,37,38,20,20,42,tabpfn,107,0.3296017646789551,0.2133626937866211,0.23397005646557245,54687.530066199666,77998.61906043279,34.5839759634159,6083784575.334509,success,per_county_scaling_tiny_small,Per-county learning curves for tiny and small counties
48105,tiny,37,38,20,20,42,xgboost,107,8.904438734054565,0.006666898727416992,0.09969438970031586,60095.3369864299,84558.8404437089,38.91870945778564,7150197497.18462,success,per_county_scaling_tiny_small,Per-county learning curves for tiny and small counties
48105,tiny,37,38,30,30,42,tabpfn,107,0.34848690032958984,0.20866084098815918,0.32493761545179667,51660.54197375703,72795.30666564214,31.446640235491397,5299156672.544883,success,per_county_scaling_tiny_small,Per-county learning curves for tiny and small counties
48105,tiny,37,38,30,30,42,xgboost,107,26.182708501815796,0.0065250396728515625,0.3437121218426682,46458.09193263859,71775.89502761963,33.6951605493248,5151779107.015871,success,per_county_scaling_tiny_small,Per-county learning curves for tiny and small counties
